dns_time_ms,tcp_connect_ms,tls_time_ms,rtt_ms,http_status,response_size,time_of_day,domain_category,response_time_ms
57.104,213.447,53.666,25.04,403,17,40907,net,402.211
4.315,27.423,31.319,26.96,403,17,40907,net,94.204
13.283,59.009,46.579,26.5,403,17,40908,net,142.229
7.805,36.836,52.124,23.75,403,17,40908,net,122.329
3.23,49.449,37.376,24.52,403,17,40908,net,118.325
5.775,40.329,44.89,25.31,403,17,40908,net,121.253
9.866,34.734,41.594,24.51,403,17,40909,net,107.238
16.549,43.879,36.961,26.52,403,17,40909,net,116.355
7.117,29.306,43.038,24.88,403,17,40909,net,98.374
5.073,51.38,51.581,24.07,403,17,40909,net,133.503
35.339,69.265,49.899,30.57,403,17,40910,com,158.147
15.248,46.648,36.875,26.53,403,17,40910,com,125.516
14.093,41.456,34.227,25.05,403,17,40910,com,103.48
9.474,51.109,38.33,25.14,403,17,40910,com,127.793
13.051,47.541,37.572,26.42,403,17,40910,com,145.256
4.587,31.694,71.256,28.36,403,17,40911,com,132.375
4.426,33.645,54.059,28.43,403,17,40911,com,138.434
14.695,46.268,49.914,24.21,403,17,40911,com,137.146
10.363,47.267,45.511,29.54,403,17,40911,com,134.602
2.637,33.001,50.227,29.95,403,17,40912,com,120.243
34.862,73.198,41.656,31.56,403,186870,40913,com,961.731
15.769,47.663,35.35,32.03,403,189031,40914,com,956.808
6.816,37.93,52.258,28.2,403,185286,40915,com,877.191
10.45,46.343,45.189,28.09,403,186473,40916,com,1003.352
5.774,38.017,50.459,36.2,403,185572,40917,com,963.77
12.706,36.115,57.915,31.88,403,184582,40918,com,1004.367
11.252,119.64,114.388,65.27,403,186070,40921,com,1149.17
13.05,139.855,141.93,61.86,403,184836,40923,com,1376.689
8.108,150.732,92.75,76.83,403,185373,40924,com,1229.329
31.855,128.356,112.215,26.49,403,84962,40925,com,355.956
15.468,62.121,51.429,28.8,403,85024,40925,com,231.606
4.053,44.271,57.475,29.55,403,85044,40928,com,256.798
14.091,45.066,50.547,26.67,403,84960,40928,com,260.832
15.482,41.745,57.728,32.83,403,84926,40928,com,242.37
11.282,39.746,52.887,26.9,403,85034,40929,com,222.266
2.886,48.553,51.096,29.58,403,85047,40929,com,232.368
6.501,38.482,65.38,25.71,403,85049,40929,com,233.379
8.06,40.402,50.922,27.18,403,84945,40930,com,219.248
34.957,63.268,36.082,26.55,403,68853,40930,com,322.023
7.158,35.334,53.671,25.56,403,68795,40931,com,337.858
2.455,29.176,41.657,25.2,403,68566,40931,com,275.255
10.222,34.978,43.308,25.73,403,68823,40931,com,272.197
4.618,30.999,40.48,27.38,403,68517,40932,com,299.498
14.215,51.896,35.283,35.91,403,68851,40932,com,283.411
12.476,59.222,53.221,28.43,403,68752,40933,com,336.042
13.733,83.67,58.532,25.51,403,68708,40933,com,339.927
3.849,28.796,33.097,26.12,403,68547,40934,com,273.249
9.513,35.567,57.154,26.33,403,68900,40934,com,307.694
12.004,58.487,46.084,28.93,403,876402,40935,com,417.07
15.014,61.099,50.125,26.36,403,875441,40936,com,518.319
8.813,38.472,51.635,30.85,302,875965,40936,com,411.639
11.501,57.504,51.133,29.13,302,882408,40937,com,488.384
10.42,52.722,49.289,30.34,302,877298,40937,com,466.724
10.337,55.909,50.302,27.73,302,877211,40939,com,457.563
13.844,60.193,56.718,29.64,302,877743,40939,com,508.156
2.623,42.629,57.358,28.08,302,877100,40940,com,512.917
41.397,67.289,37.78,23.2,302,0,40940,com,263.265
8.731,33.294,33.55,22.97,302,0,40941,com,234.561
7.167,55.062,34.068,24.07,302,0,40941,com,246.284
4.315,27.564,33.973,27.13,302,0,40941,com,219.344
36.114,83.776,34.01,28.58,302,0,40944,com,275.269
4.877,47.321,33.534,27.08,302,0,40945,com,240
12.996,40.596,47.853,26.56,302,0,40945,com,250.885
9.169,51.005,43.185,26.65,302,0,40945,com,252.005
35.381,65.415,43.779,26.21,302,143,40946,com,137.547
8.351,54.397,35.646,34.81,302,143,40946,com,116.523
11.212,38.061,51.53,25.9,302,143,40946,com,121.825
11.64,36.21,57.864,24.44,302,143,40946,com,128.004
13.967,57.586,39.084,23.7,302,143,40947,com,131.735
1.841,29.149,37.089,24.02,302,143,40947,com,108.443
12.298,39.866,33.173,26.73,302,143,40947,com,99.024
4.497,33.26,41.838,27.1,302,143,40947,com,108.163
11.251,37.555,52.818,29.57,302,143,40947,com,116.439
6.997,39.77,44.826,23.58,302,143,40948,com,118.511
36.575,93.148,64.035,54.97,302,120361,40948,org,395.514
4.842,62.735,74.693,56.08,302,120361,40949,org,394.481
5.201,78.202,67.322,64.31,302,120361,40949,org,387.748
12.258,64.805,62.557,59.28,302,120361,40950,org,381.271
11.041,77.327,69.466,60.99,302,120361,40951,org,374.635
8.184,70.004,68.211,56.16,302,120361,40951,org,384.71
2.202,56.641,84.13,56.61,302,120361,40952,org,390.962
15.328,71.538,62.201,58.17,302,120361,40953,org,355.824
12.622,68.814,63.224,67.94,302,120361,40953,org,383.553
6.699,63.649,75.195,63.38,302,120361,40954,org,385.759
81.186,120.262,99.626,26.78,302,201253,40954,com,425.071
7.103,53.997,93.099,30.04,302,201253,40955,com,310.67
9.134,55.304,81.73,31.03,302,201253,40955,com,322.812
7.566,32.35,68.475,29.7,302,201253,40956,com,223.506
1.847,32.374,68.444,29.23,302,201253,40956,com,313.591
3.484,28.934,89.387,26.3,302,201253,40956,com,260.157
6.359,33.329,56.765,27.19,302,201253,40957,com,235.456
4.26,34.805,71.061,26.83,302,201253,40957,com,279.034
15.546,61.504,80.141,29.57,302,201253,40958,com,347.468
11.926,37.989,61.083,27.06,302,201253,40958,com,260.001
27.841,69.917,40.79,26.13,302,21115,40958,net,154.674
1.696,45.733,53.468,25.95,302,21115,40959,net,147.476
8.516,41.525,47.412,25.13,302,21115,40959,net,123.393
12.082,44.391,36.263,41.17,302,21115,40959,net,118.1
8.546,41.981,44.342,29.28,302,21115,40959,net,134.261
4.451,42.421,32.116,26.73,302,21115,41000,net,115.481
9.708,34.377,41.795,27.53,302,21115,41000,net,111.828
16.143,47.889,41.045,27.76,302,21115,41000,net,140.303
8.36,32.971,43.97,24.9,302,21115,41000,net,106.892
3.533,49.966,97.987,26.52,302,21115,41001,net,191.51
43.878,294.228,252.282,240.98,302,164642,41003,org,1689.574
13.636,256.603,252.365,242.75,302,164642,41008,org,1618.866
13.017,258.617,269.731,242.67,302,164642,41011,org,1633.598
35.088,286.933,251.756,243.53,302,164642,41014,org,1679.325
18.058,249.079,242.852,244.77,302,164642,41016,org,1578.768
12.875,255.237,246.088,242.61,302,164642,41019,org,1597.311
38.464,107.535,63.589,54.71,302,48673,41028,org,289.508
7.323,63.941,66.454,52.99,302,48673,41029,org,254.328
4.73,62.103,69.282,52.56,302,48673,41029,org,257.925
14.298,90.605,61.046,54.06,302,48673,41030,org,276.88
15.839,74.063,64.275,53.97,302,48673,41030,org,273.156
5.986,63.241,66.845,54.51,302,48673,41031,org,246.159
2.252,64.462,68.272,56.7,302,48673,41031,org,247.715
3.442,60.033,72.384,53.03,302,48673,41031,org,265.516
1.48,56.057,74.315,54.62,302,48673,41032,org,253.38
11.043,68.041,65.383,53.72,302,48673,41032,org,252.146
37.862,119.298,84.09,81.79,302,573496,41033,com,704.337
12.391,88.604,82.151,72.74,302,573496,41034,com,674.888
7.245,80.116,85.148,72.98,302,573496,41036,com,688.536
10.343,85.637,82.448,74.92,302,573496,41039,com,741.504
10.224,92.161,79.847,76.9,302,573495,41040,com,679.939
14.666,90.732,83.452,72.71,302,573496,41041,com,763.096
14.738,90.743,83.8,78.25,302,573495,41042,com,716.732
15.631,89.263,81.238,75.51,302,573496,41043,com,667.502
34.464,88.205,243.428,57.39,302,543505,41044,net,1085.74
13.17,71.451,61.178,59.87,302,543506,41045,net,847.814
1.473,79.334,63.144,58.88,302,543505,41046,net,841.889
10.099,64.98,67.906,62.67,302,543507,41048,net,1209.492
49.934,123.671,66.254,58.69,302,543506,41049,net,1328.288
12.659,70.951,64.059,59.47,302,543504,41051,net,1180.97
9.894,64.368,60.995,59.73,302,543505,41052,net,1291.637
11.853,74.931,63.667,61.14,302,543506,41053,net,1056.848
17.28,74.783,81.692,58.13,302,543505,41056,net,1454.38
50.263,96.837,58.982,27.54,302,17,100257,com,187.703
10.679,49.407,55.127,26.9,302,17,100257,com,149.766
13.455,51.338,45.887,26.15,302,17,100257,com,130.812
7.224,41.821,46.387,28.01,302,17,100257,com,124.591
13.84,47.957,47.332,28.51,302,17,100258,com,137.921
5.573,30.35,41.681,24.43,302,17,100258,com,108.625
10.312,43.599,52.538,28.82,302,17,100258,com,139.163
16.131,48.333,51.335,27.69,302,17,100258,com,134.654
15.357,47.712,42.979,32.05,302,17,100259,com,124.308
6.69,29.232,45.157,27.15,302,17,100259,com,113.16
59.965,106.176,51.725,32.45,302,187012,100300,com,1096.491
13.139,59.672,37.092,26.71,302,185943,100301,com,909.694
10.15,50.3,41.049,29.38,302,186866,100302,com,1054.945
11.115,45.691,48.476,28.16,302,187373,100304,com,1020.784
9.235,44.977,48.986,30.69,302,186366,100305,com,976.852
5.291,37.372,48.554,30.5,302,183306,100308,com,949.686
14.276,50.598,48.179,29.03,302,190302,100309,com,874.728
15.099,51.705,43.096,26.33,302,186203,100310,com,997.333
5.03,37.208,67.413,28.7,302,84847,100311,com,285.828
6.916,38.414,52.69,29.03,302,85093,100312,com,269.205
7.843,33.886,54.127,27.96,200,84977,100312,com,237.977
10.765,36.912,70.186,27.11,200,85147,100312,com,273.798
13.747,46.747,64.886,31.55,200,84969,100313,com,320.002
16.516,42.206,54.82,27.07,200,84983,100313,com,246.845
15.445,42.413,71.607,28.67,200,84896,100314,com,281.365
6.777,37.773,50.121,26.57,200,84971,100314,com,227.487
11.889,40.52,56.83,28.45,200,85206,100314,com,232.871
39.824,68.878,54.082,28.04,200,68577,100315,com,330.481
14.507,43.445,52.08,29.7,200,68681,100315,com,281.567
14.702,41.327,42.766,29.55,200,68752,100315,com,278.068
6.701,33.78,48.097,29.52,200,68558,100316,com,326.832
7.916,55.365,38.594,30.06,200,68784,100316,com,304.795
11.528,52.069,37.951,28.19,200,68596,100317,com,273.435
10.032,38.793,55.338,28.99,200,68588,100318,com,279.691
3.304,32.894,52.613,31.75,200,68600,100318,com,304.037
9.215,54.074,43.066,29.87,200,68578,100319,com,309.703
2.599,49.016,68.267,24.29,200,882452,100319,com,567.212
9.698,36.639,55.106,23.41,200,880215,100320,com,523.922
10.996,41.007,51.909,29.2,200,883506,100320,com,409.444
8.575,37.768,48.343,29.27,200,878353,100321,com,477.963
5.941,41.427,50.913,26.44,200,879051,100322,com,464.716
4.108,33.163,52.097,25.18,200,882898,100322,com,519.121
1.019,29.543,53.278,26.9,200,877321,100323,com,450.651
13.515,48.369,76.212,25.79,200,878968,100323,com,526.893
18.25,45.021,54.809,25.24,200,878935,100324,com,469.536
18.868,43.29,56.857,25.05,200,879557,100325,com,487.491
12.623,43.68,37.846,24.86,200,0,100327,com,254.368
14.113,53.213,31.517,24.27,200,0,100328,com,251.557
9.096,36.555,34.187,23.28,200,0,100328,com,241.668
11.276,38.969,38.412,28.35,200,0,100328,com,248.51
2.461,28.134,27.819,24.13,200,0,100329,com,224.317
6.986,31.493,32.474,24.48,200,0,100329,com,230.765
29.083,61.394,42.777,22.1,200,143,100329,com,144.857
10.103,48.084,36.478,22.93,200,143,100329,com,113.825
4.128,67.157,37.449,23.38,200,143,100330,com,150.506
7.84,34.092,36.585,23.57,200,143,100330,com,105.2
12.948,57.994,38.885,23.76,200,143,100332,com,131.79
15.718,61.705,81.875,23.85,200,143,100332,com,187.249
11.694,57.878,43.376,26.41,200,143,100333,com,135.201
14.425,38.911,32.905,23.06,200,143,100333,com,97.754
7.845,39.064,41.763,22.86,200,143,100333,com,114.187
32.096,88.659,67.092,56,200,120361,100334,org,377.202
3.231,62.928,65.912,55.64,200,120361,100334,org,368.546
14.567,67.985,69.303,58.74,200,120361,100335,org,362.629
2.896,61.284,67.377,57.42,200,120361,100335,org,381.936
10.642,87.945,61.755,57.45,200,120361,100336,org,380.515
7.334,69.76,67.867,56.73,200,120361,100337,org,383.916
16.136,70.787,65.148,59.87,200,120361,100338,org,364.83
2.481,63.286,66.492,55.93,200,120361,100338,org,362.968
5.807,63.061,63.765,54.96,200,120361,100339,org,362.467
42.929,68.2,57.84,27.41,200,201253,100339,com,281.16
2.138,28.633,59.232,26.65,200,201253,100340,com,231.558
12.214,62.69,68.995,28.65,200,201253,100341,com,274.926
6.759,52.733,86.678,26.42,200,201253,100341,com,302.251
10.248,55.565,90.799,26.4,200,201253,100342,com,315.161
5.243,30.086,58.39,28.64,200,201253,100342,com,290.14
16.67,53.379,92.396,29.5,200,201253,100343,com,288.968
14.936,47.135,62.35,31.54,200,201253,100343,com,297.848
6.845,249.096,247.791,233.05,200,164642,100357,org,1597.261
3.018,246.265,248.542,232.38,200,164642,100359,org,1603.729
14.074,246.324,238.159,235.39,200,164642,100402,org,1577.572
18.34,251.336,240.346,234.46,200,164642,100409,org,1577.657
6.794,38.617,49.08,32.27,200,114830,100410,net,821.621
11.494,43.502,38.879,30.72,200,114681,100411,net,394.885
5.483,37.63,42.191,34.43,200,114693,100411,net,445.021
48.874,97.138,162.757,25.43,200,50938,100414,net,893.665
4.445,52.245,36.264,24.3,200,50938,100415,net,349.002
11.857,37.517,40.141,24.51,200,50938,100415,net,352.765
11.154,40.318,37.048,28.59,200,50938,100416,net,366.201
14.142,46.659,34.34,22.2,200,50938,100416,net,378.879
11.269,37.625,32.855,23.96,200,50938,100417,net,402.673
5.197,30.039,41.189,24.09,200,50938,100417,net,334.51
8.503,54.905,53.957,23.26,200,50938,100418,net,389.271
5.173,32.243,41.557,24.04,200,50938,100418,net,331.796
12.021,35.848,41.609,23.17,200,50938,100418,net,343.645
38.893,101.601,108.059,54.31,200,48673,100419,org,335.668
11.538,67.704,71.076,53.99,200,48673,100420,org,269.458
12.874,71.037,64.715,52.8,200,48673,100420,org,261.815
1.911,61.813,65.163,56.72,200,48673,100420,org,251.584
3.092,61.757,67.372,56.13,200,48673,100421,org,256.522
19.859,74.347,61.959,55.46,200,48673,100421,org,258.306
6.137,70.549,64.661,54.42,200,48673,100422,org,253.534
14.668,74.115,68.697,54.76,200,48673,100422,org,270.318
10.174,94.341,67,53.56,200,48673,100423,org,277.448
2.905,81.447,72.491,57.37,200,48673,100423,org,279.5
16.183,95.364,83.356,77.44,200,573474,100427,com,684.269
55.462,131.171,92.999,74.01,200,573475,100430,com,737.563
15.879,91.158,84.624,77.79,200,573474,100431,com,715.876
14.077,94.536,87.758,78.73,200,573475,100432,com,700.285
10.928,85.381,80.031,75.47,200,573475,100433,com,662.447
7.596,81.97,91.246,74.61,200,573475,100434,com,733.102
33.355,98.387,69.743,58.1,200,543507,100435,net,1050.974
4.017,66.95,61.818,58.5,200,543506,100437,net,1477.702
2.876,75.994,73.714,57.5,200,543506,100438,net,918.729
11.987,65.588,63.417,57.26,200,543505,100439,net,847.107
20.431,78.141,69.706,58.42,200,543505,100440,net,876.729
17.117,71.953,66.905,57.03,200,543505,100441,net,940.47
15.306,79.429,79.734,59.04,200,543506,100442,net,931.119
13.574,67.835,66.243,56.59,200,543505,100444,net,1186.82
15.989,74.681,76.914,59.41,200,543506,100445,net,948.266
21.735,80.584,61.982,57.84,200,543505,100446,net,844.963
45.428,61.357,34.887,47.04,200,190584,121325,com,1329.695
2.083,17.677,20.487,4.87,200,187133,121327,com,1213.929
10.502,28.253,15.982,26.57,200,187219,121333,com,1068.238
15.051,145.215,21.734,57.47,200,186136,121335,com,1136.481
3.565,23.011,17.254,15.56,200,186052,121336,com,1313.528
12.622,44.013,131.801,7.26,200,186982,121337,com,1213.809
12.887,30.411,66.562,28.6,200,185499,121339,com,1154.365
12.995,44.783,20.49,30.65,200,187076,121340,com,1100.852
48.501,77.757,175.787,28.16,200,85051,121341,com,687.202
14.697,40.603,57.635,27.8,200,85148,121341,com,247.276
8.875,36.41,55.684,26.64,200,84967,121341,com,225.054
17.458,45.742,54.381,33.6,200,85148,121342,com,244.841
8.597,36.96,53.975,29.45,200,84962,121342,com,225.813
6.37,33.931,55.528,27.37,200,84990,121342,com,256.427
10.159,40.825,50.812,26.73,200,85006,121343,com,243.948
14.474,42.714,52.294,27.45,200,84893,121343,com,249.459
5.16,32.567,68.548,27.22,200,84939,121344,com,241.452
11.736,57.631,67.433,41.28,200,85078,121344,com,291.81
69.75,116.154,52.345,37.3,200,68668,121345,com,912.784
14.718,68.721,44.111,50.06,200,68763,121346,com,353.401
8.423,52.161,71.676,29.98,200,69770,121346,com,464.058
1.305,34.091,43.819,28.17,200,68547,121347,com,299.048
11.362,57.018,45.395,29.19,200,68752,121347,com,330.484
9.639,55.809,34.608,28.12,200,68689,121348,com,305.516
12.113,45.327,52.51,26.18,200,68829,121348,com,303.46
5.765,53.507,52.264,26.11,200,68689,121348,com,357.79
13.113,39.992,52.938,30.55,200,68631,121349,com,302.765
5.709,31.793,58.78,26.27,200,68676,121349,com,331.304
51.28,96.825,50.902,26.08,200,879773,121350,com,461.486
9.636,39.007,67.729,29.33,200,883575,121350,com,429.475
3.153,50.374,51.529,29.74,200,876568,121351,com,390.417
15.321,61.762,51.408,24.59,200,880028,121351,com,433.509
8.435,36.75,47.083,28.3,200,877309,121352,com,403.188
2.837,42.741,60.924,27.44,200,880038,121353,com,649.429
12.492,44.888,49.608,25.81,200,880564,121353,com,402.88
11.712,58.881,52.917,26.32,200,878385,121354,com,510.616
14.897,52.002,61.845,25.67,200,876869,121354,com,495.185
3.546,28.963,53.896,27.8,200,879005,121355,com,428.243
34.456,96.972,37.34,24.64,200,0,121355,com,307.977
1.791,30.887,42.329,25.37,200,0,121356,com,244.234
13.39,38.047,30.905,24.96,200,0,121356,com,236.892
15.007,42.854,31.581,25.37,200,0,121356,com,245.452
5.303,33.099,42.464,24.16,200,0,121357,com,256.702
7.406,53.482,35.739,29.5,200,0,121357,com,258.083
17.017,40.377,33.994,23.56,200,0,121358,com,241.901
2.839,50.328,34.014,23.64,200,0,121358,com,257.07
8.818,36.216,33.488,23.62,200,0,121358,com,239.196
14.759,46.042,34.496,25.42,200,0,121359,com,248.833
18.602,51.114,37.295,29.09,200,143,121359,com,120.246
13.542,58.967,37.863,26.15,200,143,121359,com,127.479
12.696,45.03,49.003,26.27,200,143,121359,com,136.492
3.236,29.094,37.093,25.74,200,143,121359,com,95.977
11.515,44.722,39.346,22.32,200,143,121400,com,114.227
7.365,30.007,33.116,25.85,200,143,121400,com,95.145
9.035,42.196,39.63,23.62,200,143,121400,com,117.513
1.329,33.549,36.664,23.83,200,143,121401,com,103.311
3.331,27.782,36.177,25.31,200,143,121401,com,98.772
33.044,89.492,74.244,59.33,200,120361,121401,org,393.697
4.92,66.447,66.045,59.76,200,120361,121402,org,360.847
12.786,82.609,69.383,58.11,200,120361,121403,org,413.2
2.766,58.119,64.557,55.26,200,120361,121403,org,364.496
10.012,105.002,66.715,56.44,200,120361,121404,org,421.15
3.711,60.672,63.267,56.23,200,120361,121404,org,358.829
9.021,101.104,71.904,57.96,200,120361,121405,org,434.13
8.699,72.758,65.765,57.22,200,120361,121406,org,381.687
8.884,67.249,62.108,57.87,200,120361,121406,org,382.435
12.839,69.124,62.959,55.36,200,120361,121407,org,365.402
33.076,66.327,94.307,26.01,200,201253,121407,com,374.861
2.659,30.364,69.041,29.04,200,201253,121408,com,270.882
16.886,47.992,79.731,30.56,200,201253,121409,com,287.77
12.081,57.74,64.851,28.23,200,201253,121409,com,309.743
4.121,29.685,71.693,24.82,200,201253,121409,com,307.263
14.531,41.188,92.942,32.71,200,201253,121410,com,303.041
13.042,39.606,82.21,29.92,200,201253,121411,com,660.261
7.265,54.547,70.504,44.32,200,201253,121411,com,324.746
13.919,139.419,102.547,45.2,200,201253,121412,com,542.464
42.773,319.848,253.672,291.05,200,164642,121415,org,1878.735
16.855,308.47,254.839,239.78,200,164642,121418,org,1900.679
12.604,248.003,242.05,240.25,200,164642,121420,org,1587.58
2.958,242.779,249.007,240.51,200,164642,121423,org,1612.025
11.127,392.566,358.243,291.73,200,164642,121429,org,2278.557
10.2,271.04,252.738,237.96,200,164642,121433,org,2721.387
12.643,253.863,258.451,244.8,200,164642,121435,org,1617.353
14.18,281.431,255.643,240.33,200,164642,121438,org,1655.927
13.458,251.025,246.743,241.52,200,164642,121441,org,1869.838
38.428,67.84,35.528,26.46,200,50938,121444,net,872.452
13.536,41.391,34.658,36.93,200,50938,121445,net,514.748
15.897,62.087,54.488,26.31,200,50938,121447,net,2285.558
9.759,42.663,42.339,26.05,200,50938,121448,net,429.631
1.855,27.708,37.465,25.45,200,50938,121448,net,404.783
5.775,52.422,41.83,35.65,200,50938,121449,net,508.416
8.027,70.671,67.203,26.54,200,50938,121450,net,541.026
7.81,33.938,41.902,26.06,200,50938,121450,net,418.765
14.953,41.238,40.987,29.13,200,50938,121451,net,432
8.952,33.12,42.362,30.39,200,50938,121451,net,410.765
44.634,103.193,63.298,56.02,200,48673,121452,org,537.399
12.528,81.799,64.07,56.95,200,48673,121453,org,311.777
6.692,99.746,75.128,71.35,200,48673,121453,org,340.156
14.296,487.084,79.24,55.73,200,48673,121454,org,693.205
10.872,68.442,96.187,55.36,200,48673,121455,org,287.372
9.879,68.113,70.065,56.72,200,48673,121455,org,280.315
16.834,75.721,66.604,59.07,200,48673,121456,org,264.577
11.036,66.14,88.97,59.37,200,48673,121457,org,268.075
15.528,73.821,81.779,59.38,200,48673,121457,org,273.442
46.342,121.459,83.605,75.33,200,573475,121458,com,801.605
8.506,81.59,82.845,73.36,200,573475,121459,com,719.641
12.538,96.186,98.168,82.19,200,573475,121500,com,699.477
9.662,91.507,96.067,77.39,200,573475,121501,com,710.91
12.907,88.268,82.603,74.22,200,573476,121504,com,683.876
10.724,104.112,79.391,74.01,200,573476,121505,com,740.982
17.322,92.801,82.73,75.75,200,573476,121506,com,663.325
8.989,87.205,85.426,75.82,200,573475,121507,com,713.499
9.211,82.618,82.288,75.49,200,573475,121508,com,665.586
43.094,101.169,63.735,57.7,200,543506,121509,net,897.88
11.721,67.989,65.44,56.15,200,543505,121510,net,996.339
10.201,69.933,67.333,62.44,200,543506,121512,net,1107.257
29.803,327.06,170.125,58.84,200,543505,121518,net,2150.431
41.074,97.975,64.753,58.68,200,543506,121519,net,921.418
11.272,67.13,64.627,62.55,200,543505,121520,net,805.315
6.858,76.327,77.233,56.28,200,543505,121521,net,908.557
1.941,65.046,68.605,56.71,200,543505,121522,net,1145.356
54.512,117.053,261.853,60.03,200,32706,150338,com,723.14
15.615,71.343,78.724,58.71,200,32707,150339,com,681.93
12.294,69.342,65.651,57.99,200,32706,150340,com,663.522
3.545,60.202,67.976,57.82,200,32706,150341,com,674.548
10.336,67.09,64.898,57.88,200,32703,150342,com,655.693
14.717,71.181,63.499,57.12,200,32707,150342,com,493.984
16.738,75.055,64.404,57.73,200,32706,150343,com,483.348
13.564,71.999,69.836,57.95,200,32704,150344,com,690.281
6.683,85.423,68.965,59.58,200,32708,150345,com,684.048
9.531,66.809,75.665,57.54,200,32705,150346,com,662.497
32.349,60.355,44.937,26.32,200,2161,150346,com,677.64
7.26,34.825,52.33,28.38,200,2162,150347,com,772.409
6.972,34.869,52.098,25.59,200,2162,150348,com,824.183
40.314,86.017,34.084,28.46,200,2162,150349,com,605.929
3.379,31.38,34.257,26.86,200,2162,150350,com,702.458
2.79,49.47,49.043,27.3,200,2162,150352,com,652.143
14.87,56.084,35.289,28.17,200,2162,150353,com,682.224
6.506,52.745,50.173,28.28,200,2162,150354,com,851.913
11.248,41.42,67.907,26.05,200,84942,150355,com,263.26
15.22,43.302,52.604,27.09,200,85178,150355,com,234.728
11.389,39.844,54.544,24.58,200,84911,150355,com,255.472
9.75,34.004,74.29,24.76,200,84944,150356,com,238.618
10.502,37.005,55.197,24.33,200,85128,150356,com,239.682
12.052,38.402,53.691,24.18,200,84937,150356,com,239.661
12.826,59.628,50.241,24.51,200,84951,150357,com,235.657
2.655,26.506,57.932,26.43,200,85178,150357,com,236.04
13.726,52.475,53.956,24.74,200,85173,150357,com,249.864
53.836,79.884,54.297,31.95,200,68574,150358,com,327.667
13.657,60.043,38.508,51.35,200,68558,150359,com,414.255
9.156,96.135,46.491,41.37,200,68696,150400,com,384.512
16.317,54.267,49.994,33.89,200,68772,150400,com,400.188
18.72,48.637,51.547,31.67,200,68539,150401,com,372.051
13.222,40.637,64.152,32.91,200,68828,150404,com,3205.906
57.273,101.394,40,32.15,200,68735,150404,com,373.82
7.704,55.302,83.314,32.8,200,68737,150405,com,381.37
3.158,34.076,50.384,31.67,200,68822,150405,com,290.636
16.867,64.276,51.858,31.74,200,68594,150406,com,418.024
13.443,39.875,71.619,28.08,200,871928,150407,com,508.49
8.294,32.678,57.755,27.22,200,878684,150407,com,394.307
9.403,35.616,73.479,27.39,200,875156,150408,com,447.303
12.996,49.539,74.232,26.71,200,879773,150409,com,527.525
8.693,53.524,51.034,30.36,200,879748,150409,com,410.035
13.587,40.187,55.425,26.29,200,875714,150410,com,580.058
6.343,34.237,69.522,28.35,200,883095,150411,com,594.771
5.483,37.379,64.53,28.24,200,879147,150411,com,369.357
14.716,39.913,73.177,27.98,200,878857,150412,com,401.371
38.667,66.646,76.167,23.76,200,0,150412,com,310.671
3.201,29.116,32,23.96,200,0,150412,com,229.139
16.284,39.4,30.515,24.22,200,0,150413,com,234.731
6.222,35.306,44.784,24.73,200,0,150413,com,251.598
6.014,34.499,36.43,25.19,200,0,150413,com,250.043
11.95,35.552,33.341,24.13,200,0,150414,com,233.59
3.828,32.487,43.46,24.07,200,0,150414,com,246.25
12.799,59.053,33.125,24.5,200,0,150415,com,265.784
2.84,36.463,35.948,24.62,200,0,150415,com,240.892
6.847,34.836,34.797,25.09,200,0,150415,com,242.269
32.141,68.275,42.76,29.2,200,143,150415,com,145.289
15.569,40.15,39.618,25.41,200,143,150416,com,110.671
1.328,30.494,47.884,23.17,200,143,150416,com,109.439
14.509,61.051,40.925,34.45,200,143,150416,com,147.046
6.842,31.876,37.37,22.26,200,143,150416,com,97.679
4.297,50.552,54.139,22.71,200,143,150417,com,135.334
7.578,33.697,38.936,23.27,200,143,150417,com,102.52
11.951,38.335,37.196,23.79,200,143,150417,com,104.43
12.868,72.67,70.533,25.7,200,143,150417,com,172.692
12.229,44.379,44.687,22.68,200,143,150418,com,128.419
40.616,124.165,93.866,56.67,200,120361,150418,org,544.434
10.815,66.481,64.654,56.66,200,120361,150419,org,374.206
3.175,58.465,64.682,55.58,200,120361,150419,org,371.84
11.647,70.326,65.462,54.88,200,120361,150420,org,391.537
3.927,66.052,77.759,58.91,200,120361,150421,org,373.38
15.108,71.137,69.407,55.81,200,120361,150421,org,364.999
9.873,67.109,63.091,55.05,200,120361,150422,org,375.679
15.068,69.584,61.435,55.71,200,120361,150423,org,407.911
2.17,79.412,65.995,58.24,200,120361,150423,org,441.939
7.077,61.449,62.104,54.66,200,120361,150424,org,358.909
31.837,56.977,63.642,27.46,200,201253,150424,com,275.204
15.963,43.328,63.333,26.87,200,201253,150425,com,246.749
12.087,38.425,85.861,26.48,200,201253,150425,com,353.601
14.021,48.214,53.114,26.28,200,201253,150425,com,277.39
12.857,43.037,77.482,26.94,200,201253,150426,com,258.448
16.108,43.697,65.8,26.77,200,201253,150426,com,346.676
8.859,35.662,62.821,27.13,200,201253,150427,com,232.304
6.037,36.285,85.585,27.24,200,201253,150427,com,277.1
13.174,39.406,71.083,27.38,200,201253,150428,com,286.228
2.245,268.155,267.726,239.54,200,164642,150430,org,1675.617
11.116,249.342,254.308,242.71,200,164642,150433,org,1618.727
4.679,255.221,247.09,241.42,200,164642,150436,org,1605.154
13.021,258.332,244.906,250.85,200,164642,150438,org,1596.666
8.675,272.745,246.457,242.37,200,164642,150441,org,1710.392
6.764,251.226,261.018,247.87,200,164642,150443,org,1629.534
12.023,249.6,244.169,240.23,200,164642,150446,org,1590.388
11.646,255.865,246.339,242.08,200,164642,150449,org,1592.908
15.036,281.791,278.695,239.22,200,164642,150451,org,1714.323
11.115,267.703,262.21,241.86,200,164642,150454,org,1657.929
15.712,54.123,68.133,27.16,200,17,150454,com,156.142
9.378,40.7,43.585,25.36,200,17,150454,com,116.31
5.828,39.976,40.017,26.15,200,17,150455,com,120.121
12.324,42.821,51.693,26.68,200,17,150455,com,138.926
10.211,42.235,38.976,25.74,200,17,150455,com,116.508
5.001,29.054,33.91,25.21,200,17,150455,com,90.783
14.956,40.64,33.101,31.44,200,17,150456,com,104.07
15.397,48.441,44.648,27.15,200,17,150456,com,132.874
19.33,49.895,66.646,25.55,200,17,150456,com,153.037
8.147,40.251,40.21,26.23,200,17,150456,com,121.31
121.956,151.914,53.08,26.63,200,50938,150457,net,999.26
10.13,45.253,47.933,29.66,200,50938,150458,net,446.91
16.097,63.149,52.238,26.54,200,50938,150459,net,753.591
8.365,54.492,143.501,25.99,200,50938,150459,net,560.644
5.313,52.125,48.924,27.06,200,50938,150500,net,473.999
11.462,45.267,36.624,30.46,200,50938,150501,net,428.286
1.466,29.185,60.611,26.36,200,50938,150501,net,449.38
4.04,37.915,50.299,29.31,200,50938,150502,net,450.514
3.1,34.742,36.624,28.17,200,50938,150502,net,437.205
6.438,34.32,37.614,25.67,200,50938,150503,net,454.22
40.988,97.305,67.701,52.73,200,48673,150503,org,294.044
14.566,68.951,72.22,60.03,200,48673,150504,org,273.495
11.705,70.649,65.898,54.81,200,48673,150504,org,253.4
14.512,94.495,65.489,53.04,200,48673,150505,org,284.951
11.903,70.358,65.897,53.61,200,48673,150505,org,257.274
4.182,86.83,64.541,53.28,200,48673,150506,org,283.745
11.326,74.247,83.566,53.57,200,48673,150506,org,292.316
13.839,72.723,82.352,53.23,200,48673,150507,org,280.008
16.651,72.683,68.642,52.36,200,48673,150507,org,264.488
5.559,61.828,77.597,52.6,200,48673,150508,org,255.535
31.377,105.594,98.971,74.45,200,573476,150509,com,667.502
9.617,84.932,84.335,73.12,200,573475,150510,com,694.109
14.377,88.947,82.799,73.16,200,573476,150511,com,773.769
17.153,91.544,91.215,72.85,200,573474,150512,com,668.407
15.642,93.502,84.554,72.93,200,573475,150513,com,683.59
17.013,109.548,109.333,73.19,200,573471,150514,com,915.033
13.777,88.029,87.2,74.44,200,573474,150515,com,697.147
9.835,84.014,82.637,73.04,200,573475,150516,com,662.287
15.3,90.71,86.042,72.77,200,573469,150517,com,667.326
2.294,75.932,104.86,73.22,200,573475,150518,com,657.982
45.889,110.123,69.929,69.29,200,543505,150519,net,1349.477
12.081,66.539,67.79,65.01,200,543505,150522,net,810.228
11.034,75.428,102.189,57.39,200,543505,150523,net,890.152
11.661,72.752,68.42,59.27,200,543505,150524,net,785.234
11.264,81.238,72.505,58.42,200,377384,150525,net,781.788
31.561,98.765,84.502,56.77,200,543505,150526,net,1127.586
19.782,97.435,64.301,74.19,200,543506,150528,net,1204.688
5.533,66.152,68.512,57,200,543505,150529,net,1245.725
8.719,86.262,62.873,55.73,200,543505,150530,net,862.194
33.72,74.584,48.219,36.31,200,32706,180130,com,485.445
4.383,38.078,32.251,33.15,200,32707,180131,com,365.935
13.639,40.073,32.422,34.77,200,32706,180133,com,1418.446
13.414,61.384,46.319,43.55,200,32705,180134,com,391.423
7.544,39.751,41.438,31.21,200,32706,180134,com,427.372
10.197,63.903,42.548,31.86,200,32707,180136,com,344.835
31.128,55.899,33.506,45.61,200,185979,180137,com,971.026
10.808,36.934,40.518,29.73,200,187636,180138,com,967.816
9.094,32.571,43.205,29.75,200,186243,180140,com,1254.715
11.155,57.075,32.963,54.51,200,187552,180141,com,948.704
9.531,230.672,36.142,57.69,200,185465,180142,com,1087.681
11.162,143.227,29.741,35.04,200,186252,180143,com,1095.662
8.973,34.909,31.06,30.32,200,185039,180144,com,945.914
13.626,40.826,28.839,31.93,200,185927,180145,com,809.956
16.136,45.945,31.414,28.16,200,186337,180146,com,918.015
13.857,41.603,32.181,30.16,200,185831,180148,com,1112.657
31.331,76.796,54.444,23.54,200,84946,180148,com,312.364
10.416,40.922,66.563,26.36,200,84902,180148,com,251.709
10.259,33.621,57.186,23.19,200,85186,180149,com,218.61
7.422,35.778,54.397,24.03,200,85067,180149,com,222.437
12.672,46.451,63.5,23.4,200,85110,180149,com,293.086
12.672,39.991,55.625,24.53,200,84952,180150,com,228.419
13.603,37.985,59.543,24.33,200,85148,180150,com,274.122
1.059,25.921,58.934,23.13,200,84996,180150,com,221.197
14.786,43.204,52.806,25.77,200,84951,180151,com,230.611
4.618,40.339,63.07,23.76,200,84941,180151,com,252.894
41.971,73.436,55.001,28.94,200,68821,180152,com,333.784
13.763,41.631,107.056,34.21,200,68780,180152,com,343.145
43.026,65.66,42.457,31.27,200,68819,180152,com,277.566
13.856,46.284,64.463,32.24,200,68625,180153,com,330.804
3.963,33.848,35.912,29.54,200,68771,180153,com,232.62
7.49,36.674,40.303,36.28,200,68611,180154,com,278.667
4.554,40.571,59.912,32.53,200,68676,180154,com,360.545
15.212,51.422,45.816,29.18,200,68819,180155,com,288.829
15.432,48.409,44.946,29.56,200,68539,180155,com,301.251
47.856,73.736,47.449,26.37,200,877652,180156,com,403.271
3.585,32.047,67.695,26.06,200,876781,180157,com,405.69
3.698,29.48,56.912,26.45,200,878745,180158,com,448.74
9.983,39.88,53.601,27.06,200,879716,180158,com,542.448
14.288,39.321,56.844,26.35,200,882008,180159,com,402.514
15.355,41.452,50.524,25.02,200,882813,180159,com,591.91
4.869,34.22,51.262,28.07,200,876362,180200,com,410.821
7.905,33.24,57.555,26.67,200,879176,180201,com,447.062
12.084,41.357,53.23,26.17,200,874507,180201,com,415.995
61.956,92.357,40.082,23.61,200,277602,180202,com,1329.835
14.359,43.023,36.054,24.51,200,277607,180204,com,1341.634
5.155,30.039,29.103,23.92,200,277571,180205,com,580.727
6.936,33.445,31.181,25.1,200,277573,180206,com,555.683
11.697,42.358,31.166,23.88,200,277570,180207,com,1079.545
14.629,41.371,33.541,23.36,200,277603,180209,com,1454.874
4.557,270.644,32.564,89.55,200,277575,180213,com,2051.227
14.898,123.513,62.083,24.62,200,277567,180215,com,1227.126
39.479,64.044,51.708,22.41,200,143,180215,com,142.156
6.144,32.457,37.954,27.94,200,143,180215,com,98.864
12.515,36.106,33.233,24.71,200,143,180215,com,100.919
13.606,59.524,38.086,24.96,200,143,180215,com,125.685
10.581,57.973,48.813,24.42,200,143,180216,com,133.968
11.765,46.313,41.325,23.37,200,143,180216,com,124.715
7.127,30.366,34.44,23.68,200,143,180216,com,89.516
5.448,46.443,42.24,24.56,200,143,180217,com,121.698
16.202,47.905,36.858,25.07,200,143,180217,com,122.451
58.212,129.749,70.686,66.41,200,120361,180218,org,491.03
28.432,123.051,64.578,62.95,200,120361,180218,org,483.561
11.03,75.021,65.2,63.14,200,120361,180219,org,365.298
1.773,67.477,83.65,57.36,200,120361,180220,org,407.124
11.827,66.898,63.713,59.05,200,120361,180221,org,354.772
11.347,68.593,63.41,56.88,200,120361,180221,org,368.006
6.55,60.312,67.744,55.39,200,120361,180222,org,381.981
9.537,64.938,70.646,56.26,200,120361,180223,org,375.725
16.178,74.285,61.791,58.44,200,120361,180223,org,360.957
59.293,108.057,63.225,32.25,200,201253,180224,com,303.874
43.028,74.996,84.695,31.93,200,201253,180224,com,376.984
43.319,74.145,62.114,26.15,200,201253,180224,com,267.969
8.611,33.672,66.629,33.41,200,201253,180225,com,480.361
14.324,38.445,56.348,26.7,200,201253,180225,com,244.345
16.052,48.682,52.677,28.98,200,201253,180226,com,230.794
8.053,40.32,67.031,27.46,200,201253,180226,com,257.134
11.885,38.216,80.809,33.81,200,201253,180227,com,377.394
8.078,39.865,75.734,29.31,200,201253,180227,com,252.451
7.276,39.93,64.832,29.65,200,201253,180227,com,248.549
42.244,310.665,265.897,247.39,200,164642,180230,org,1729.639
12.158,265.622,238.734,240.81,200,164642,180233,org,1600.155
7.84,246.177,242.381,240.25,200,164642,180235,org,1614.72
6.547,266.863,263.637,251.31,200,164642,180242,org,1674.793
13.72,258.979,251.366,245.08,200,164642,180245,org,1636.574
7.935,248.652,247.282,240.55,200,164642,180250,org,1778.908
11.793,277.94,271.603,240.19,200,164642,180253,org,1792.141
4.14,246.956,248.868,240.74,200,164642,180256,org,1666.601
36.3,85.588,40.911,24.5,200,254738,180256,com,275.684
7.531,36.342,65.323,25.29,200,254738,180256,com,304.034
11.593,43.126,50.329,24.69,200,254738,180257,com,289.008
7.295,31.927,40.857,26.66,200,254738,180257,com,216.433
6.034,32.888,55.747,25.25,200,254738,180258,com,254.472
6.651,39.505,36.153,27.55,200,254738,180258,com,252.337
16.805,44.254,36.008,25.39,200,254738,180258,com,248.307
4.421,30.311,40.165,24.32,200,254738,180259,com,230.033
14.112,44.07,53.771,24.33,200,254738,180259,com,283.348
33.531,58.317,32.368,24.7,200,254738,180259,com,231.19
41.222,68.693,59.272,28.6,200,51133,180300,net,829.37
12.531,38.344,41.153,32.68,200,51133,180301,net,386.314
6.85,36.219,39.908,26.99,200,51133,180302,net,370.223
16.474,43.168,37.948,26.44,200,51133,180302,net,379.145
12.7,59.721,53.203,27.56,200,51133,180303,net,400.623
13.51,43.009,42.362,29.04,200,51133,180303,net,463.84
13.155,41.049,51.269,26.74,200,51133,180304,net,374.328
12.132,45.595,49.154,28.82,200,51133,180304,net,387.973
5.095,35.392,39.242,26.62,200,51133,180305,net,378.733
30.282,87.495,69.974,59.59,200,48673,180305,org,278.658
13.042,78.317,66.889,61.59,200,48673,180306,org,271.708
14.342,71.856,63.784,59.14,200,48673,180306,org,252.259
5.477,63.374,75.52,59.86,200,48673,180307,org,300.769
13.925,71.283,63.585,58.01,200,48673,180308,org,250.853
13.688,67.37,70.448,56.53,200,48673,180308,org,262.368
11.101,65.989,61.801,57.78,200,48673,180309,org,277.363
1.552,58.9,69.131,56.94,200,48673,180309,org,269.215
10.93,66.479,63.191,58.36,200,48673,180310,org,247.065
122.204,225.893,160.673,126.11,200,573475,180312,com,1579.38
8.624,132.53,128.776,74.18,200,573475,180314,com,1026.092
10.534,88.211,82.531,88.01,200,573475,180315,com,696.978
23.856,113.819,112.514,82.87,200,573475,180316,com,730.254
10.902,83.403,81.494,73.91,200,573471,180317,com,698.199
16.244,91.503,85.067,75.75,200,573475,180318,com,699.891
6.584,85.246,83.945,73.65,200,573476,180319,com,799.315
5.601,79.805,81.81,74.3,200,573474,180320,com,664.04
14.816,89.838,83.88,74.7,200,573474,180321,com,720.151
14.044,84.713,80.302,78.13,200,573474,180322,com,670.185
32.173,86.941,72.043,60.69,200,543505,180323,net,876.314
7.616,66.272,69.66,55.09,200,543505,180324,net,811.735
4.128,76.104,73.283,55.32,200,543505,180325,net,1052.186
4.276,61.072,67.533,56.26,200,543505,180327,net,1196.911
19.351,76.701,70.049,58.26,200,543506,180328,net,913.599
14.559,68.504,60.924,56.5,200,543505,180329,net,1204.559
5.96,64.021,95.668,60.95,200,543505,180331,net,1124.724
6.047,64.308,67.708,55,200,543505,180332,net,836.94
10.466,64.017,73.175,56.88,200,543506,180333,net,784.335
35.76,92.743,70.738,56.88,200,543506,180334,net,911.724
62.844,252.451,223.938,29.96,200,32723,210147,com,982.879
8.551,38.081,53.015,35.56,200,32723,210148,com,372.949
13.148,39.156,41.424,28.96,200,32724,210148,com,385.193
5.841,38.269,44.846,33.47,200,32723,210149,com,348.759
5.345,70.311,74.486,33.76,200,32723,210149,com,501.39
1.587,68.273,75.219,30.63,200,32724,210150,com,456.211
12.362,47.778,59.585,30.5,200,32724,210150,com,370.237
18.081,54.73,51.35,32.19,200,32723,210151,com,438.708
5.77,37.105,58.584,30.82,200,32724,210151,com,395.981
10.826,45.965,53.191,31,200,32723,210152,com,377.581
45.016,71.526,39.441,28.79,200,185920,210153,com,975.679
4.861,30.402,29.99,29.31,200,1386506,210155,com,1451.281
12.267,39.669,33.265,30.02,200,186754,210156,com,964.106
16.326,44.229,53.786,32.77,200,185350,210157,com,830.133
14.598,46.716,48.758,27.79,200,187583,210158,com,1031.404
12.592,38.42,39.901,27.22,200,186267,210159,com,1088.385
11.714,36.072,44.525,30.11,200,184253,210200,com,956.316
5.87,36.197,35.684,28.65,200,185036,210201,com,887.044
11.46,44.637,42.972,29.19,200,185572,210202,com,948.646
15.091,42.143,39.136,28.12,200,184432,210203,com,1126.724
39.173,85.499,97.08,27.21,200,85096,210204,com,414.929
6.18,30.9,57.679,28.53,200,85003,210204,com,236.267
5.589,39.305,65.245,27.95,200,85133,210205,com,256.859
9.872,41.815,49.25,31.84,200,84893,210205,com,251.617
15.703,45.661,51.965,31.07,200,84998,210205,com,270.857
3.52,32.026,49.533,28.98,200,84892,210206,com,235.812
7.972,53.461,45.975,37.05,200,84989,210206,com,271.897
1.746,48.404,80.815,40.64,200,85049,210207,com,318.689
46.382,71.882,41.749,28.99,200,68783,210208,com,325.279
1.778,47.536,53.821,27.64,200,68751,210208,com,324.516
14.706,45.112,39.73,27.77,200,68783,210209,com,276.045
13.043,43.279,52.537,30.09,200,68816,210209,com,295.681
12.334,36.988,35.746,29.12,200,68670,210209,com,264.082
4.443,33.253,41.079,29.15,200,68933,210210,com,297.749
3.477,36.52,51.717,29.65,200,69775,210210,com,298.112
13.936,41.198,39.43,30.05,200,68876,210211,com,398.869
2.384,36.939,49.412,32.25,200,68796,210211,com,343.357
9.644,36.039,56.902,30.65,200,68641,210212,com,286.941
1.727,34.875,55.243,25.25,200,882392,210212,com,481.911
3.458,29.042,57.112,26.11,200,881151,210213,com,444.441
12.009,45.693,81.269,27.39,200,880273,210214,com,525.526
11.967,42.373,54.542,29.19,200,879623,210214,com,497.505
12.939,41.203,45.153,25.91,200,878199,210215,com,420.82
12.006,58.333,50.355,35.07,200,880816,210215,com,472.16
11.845,38.603,55.585,26.7,200,880141,210216,com,477.749
13.951,41.774,54.984,32.39,200,879324,210217,com,527.823
16.661,40.908,58.855,28.95,200,881308,210217,com,519.225
13.555,37.433,46.339,27.63,200,880669,210218,com,1035.442
39.579,86.751,41.69,26.96,200,277612,210219,com,795.96
15.08,61.241,41.667,31.97,200,277608,210220,com,597.502
16.807,54.397,53.267,27.99,200,277604,210221,com,716.959
7.948,33.783,31.249,26.18,200,277716,210221,com,567.628
13.738,42.568,37.222,25.52,200,277585,210222,com,691.42
12.084,39.776,37.74,33.08,200,277611,210224,com,1103.833
10.321,38.295,32.71,29.54,200,277581,210224,com,591.374
13.886,289.379,31.82,25.91,200,277577,210225,com,939.329
6.811,32.365,34.729,26.05,200,277577,210226,com,699.728
43.909,156.713,39.88,82.81,200,143,210228,com,319.315
1.641,141.697,143.224,69.8,200,143,210230,com,385.261
12.177,37.607,39.999,22.8,200,143,210231,com,106.998
9.746,38.145,65.448,22.9,200,143,210231,com,136.92
7.834,36.415,45.622,26.95,200,143,210231,com,114.084
12.008,43.383,60.817,25.06,200,143,210231,com,146.33
42.377,149.724,72.074,56.76,200,120361,210232,org,566.983
3.594,65.577,70.358,61.67,200,120361,210233,org,399.558
4.405,74.859,90.845,59.76,200,120361,210234,org,402.976
7.77,64.788,73.046,57.34,200,120361,210234,org,390.686
12.651,146.891,98.441,55.36,200,120361,210235,org,537.303
9.922,67.198,69.406,54.56,200,120361,210236,org,379.727
7.117,65.812,73.183,57.5,200,120361,210236,org,394.08
13.628,91.47,95.75,54.19,200,120361,210237,org,427.887
16.108,80.387,72.239,56.1,200,120361,210237,org,406.697
12.321,89.044,67.671,60.82,200,120361,210238,org,391.19
38.729,84.868,85.936,28.22,200,201253,210239,com,375.201
12.324,43.988,64.708,27.4,200,201253,210239,com,331.264
2.105,32.478,87.175,26.57,200,201253,210239,com,323.472
16.765,62.915,64.997,25.51,200,201253,210240,com,328.396
16.404,44.166,69.696,26.06,200,201253,210240,com,289.417
10.609,37.137,70.949,25.98,200,201253,210241,com,255.486
3.197,32.407,79.417,27.73,200,201253,210241,com,345.397
14.176,39.08,63.351,26.44,200,201253,210241,com,257.815
1.955,37.252,71.112,26.41,200,201253,210242,com,264.772
15.307,41.251,59.465,29.06,200,201253,210242,com,367.3
38.977,281.636,252.889,263.69,200,164642,210245,org,1657.016
18.697,285.531,275.218,264.8,200,164642,210248,org,1780.488
12.474,276.99,263.409,268.61,200,164642,210251,org,1721.104
4.059,268.889,278.223,265.55,200,164642,210303,org,1766.394
6.815,318.92,272.079,275.67,200,164642,210307,org,1963.818
15.099,3310.176,752.591,696.4,200,164642,210320,org,6279.297
44.648,72.48,43.495,29.21,200,254738,210321,com,288.662
8.63,54.298,35.553,30.14,200,254738,210321,com,240.813
15.199,40.884,39.248,31.49,200,254738,210321,com,254.711
2.71,34.923,33.412,28.51,200,254738,210322,com,230.581
12.237,38.396,39.992,29.64,200,254738,210322,com,230.983
14.853,60.58,35.393,31.41,200,254738,210322,com,247.534
8.798,39.721,48.576,29.18,200,254738,210323,com,236.403
13.455,39.547,37.488,30.18,200,254738,210323,com,234.114
9.88,43.985,47.21,29.46,200,254738,210324,com,232.766
42.344,71.819,46.092,29.45,200,51133,210326,net,2528.566
4.086,45.797,45.138,27.71,200,51133,210327,net,441.698
4.107,29.039,39.79,28.15,200,51133,210328,net,418.251
14.804,49.882,60.066,25.63,200,51133,210328,net,462.15
16.001,110.299,48.114,81.91,200,51133,210330,net,691.139
13.523,39.941,95.224,31.7,200,51133,210333,net,616.086
10.226,55.85,65.781,30.23,200,51133,210333,net,478.658
29.642,88.157,67.591,57.46,200,48673,210334,org,292.091
2.716,70.157,60.642,55.59,200,48673,210334,org,246.214
12.018,67.082,63.114,56.52,200,48673,210335,org,254.24
12.591,90.249,65.032,55.25,200,48673,210335,org,279.143
11.97,73.328,72.306,58.8,200,48673,210336,org,262.58
6.789,63.178,82.144,58.92,200,48673,210336,org,263.358
2.37,64.407,84.133,56.93,200,48673,210337,org,273.834
13.251,91.03,86.449,56.39,200,48673,210337,org,305.242
5.454,61.892,63.918,55.3,200,48673,210338,org,245.997
3.895,59.823,62.386,57.44,200,48673,210338,org,249.557
48.245,126.59,102.101,73.78,200,573519,210339,com,776.475
2.699,77.096,88.203,74.64,200,573520,210340,com,672.617
11.025,88.056,86.492,79.98,200,573519,210341,com,777.792
15.37,88.244,86.792,79.99,200,573518,210342,com,687.442
5.436,82.838,94.743,79.29,200,573519,210343,com,733.307
18.166,91.597,81.25,73.54,200,573519,210344,com,752.084
14.741,94.343,82.244,79.82,200,573518,210345,com,701.092
14.626,89.114,81.866,77.93,200,573519,210346,com,697.965
13.886,92.043,85.108,75.17,200,573518,210347,com,696.872
5.772,84.457,81.592,74.28,200,573518,210348,com,751.784
43.726,121.384,89.289,56.62,200,543505,210351,net,2158.086
14.09,71.184,68.929,55.89,200,543505,210352,net,1026.295
6.745,65.976,77.429,59.14,200,543505,210353,net,894.198
8.697,96.903,68.204,55.41,200,543506,210355,net,1666.825
18.87,75.652,64.968,61.86,200,543506,210356,net,914.103
37.226,95.844,65.412,59.15,200,543506,210357,net,875.216
12.511,71.474,83.026,59.83,200,543506,210359,net,1038.647
16.176,79.093,69.31,58.37,200,543504,210400,net,870.716
12.068,90.371,71.002,56.29,200,543505,210401,net,916.964
51.182,107.139,72.723,55.5,200,543504,210402,net,1205.298
177.291,269.187,140.169,36.32,200,32736,107,com,737.255
12.475,52.416,55.572,30.09,200,32736,107,com,388.433
15.937,43.132,39.618,30.55,200,32735,108,com,343.299
11.539,40.973,37.624,33.19,200,32737,108,com,340.729
18.231,49.884,40.028,36.08,200,32735,111,com,363.349
9.561,38.336,40.321,29.33,200,32736,112,com,338.824
15.612,47.164,38.267,28.25,200,32736,112,com,349.892
14.502,44.538,37.829,31.18,200,32736,113,com,351.323
27.473,54.217,56.756,28.99,200,2162,114,com,681.71
7.139,30.87,33.901,27.42,200,2162,115,com,587.39
6.816,33.518,30.707,29.98,200,2162,116,com,755.855
11.935,57.283,68.047,27.31,200,185753,117,com,993.416
11.223,36.506,72.39,31.52,200,187584,118,com,1106.761
9.137,38.172,38.525,27.15,200,187149,120,com,960.702
12.906,43.014,51.158,29.62,200,183238,121,com,870.46
7.57,39.115,45.752,27.69,200,186175,122,com,1124.896
17.332,44.892,32.02,28.07,200,187316,123,com,888.007
43.503,72.774,62.822,34.35,200,85122,124,com,278.916
15.079,46.707,50.248,28.78,200,84985,124,com,266.847
7.931,53.78,58.063,29.42,200,85161,125,com,240.358
8.957,32.97,58.11,28.32,200,84936,126,com,221.718
12.34,42.855,69.185,28.84,200,84964,126,com,261.402
6.187,44.44,61.175,31.78,200,85062,126,com,249.899
3.514,41.079,47.075,29.17,200,84963,127,com,243.308
12.75,38.793,56.303,28.09,200,84999,127,com,247.17
38.742,65.912,40.715,29.36,200,68781,128,com,398.275
1.163,36.787,45.932,30.51,200,68827,128,com,320.542
7.215,54.805,39.182,29.14,200,68571,128,com,317.64
4.994,31.76,32.818,28.57,200,68896,129,com,331.157
6.183,38.973,49.63,35.6,200,68539,129,com,329.48
1.186,63.474,66.672,32.66,200,68701,130,com,372.156
10.766,38.799,39.763,26.43,200,68608,130,com,287.667
5.614,32.654,41.157,27.87,200,68666,131,com,288.024
10.358,36.15,34.861,33.15,200,68835,131,com,322.48
46.691,83.732,112.891,29.97,200,878257,132,com,592.405
1.581,27.776,56.418,26.28,200,881010,133,com,454.102
12.438,40.867,49.718,28.58,200,881660,134,com,586.239
5.559,34.127,67.36,26.76,200,880275,134,com,550.375
15.514,45.239,50.709,25.73,200,880352,135,com,474.036
5.235,30.145,44.449,26.43,200,880569,135,com,477.138
10.25,36.009,55.384,25.78,200,876704,136,com,500.548
5.495,33.006,56.457,29.13,200,881476,137,com,493.953
13.854,44.682,63.393,30.52,200,878601,137,com,535.554
14.838,47.968,49.192,28.44,200,880313,138,com,604.218
37.269,71.949,44.503,31.33,200,277607,139,com,665.566
7.445,34.493,78.948,25.8,200,277601,140,com,707.358
6.647,415.095,213.774,196.28,200,277568,144,com,1874.884
9.38,113.63,39.307,28.01,200,277577,145,com,892.221
10.841,39.235,32.429,29.31,200,277576,146,com,641.552
1.843,48.882,40.404,25.01,200,277605,146,com,663.093
10.545,39.616,39.499,27.41,200,277576,147,com,705.548
16.475,52.892,33.197,32.08,200,277610,148,com,1053.758
14.507,39.831,31.947,26.58,200,277606,150,com,1029.706
36.893,63.227,46.758,25.78,200,143,150,com,138.715
13.729,39.255,38.818,24.36,200,143,150,com,108.343
7.815,36.017,36.651,25.6,200,143,150,com,113.317
4.332,33.344,38.148,24.75,200,143,150,com,100.55
3.16,35.298,37.25,23.35,200,143,151,com,108.529
14.89,61.145,44.405,24.17,200,143,151,com,142.26
4.65,34.333,52.199,24.44,200,143,151,com,114.458
8.501,39.058,35.884,24.12,200,143,151,com,109.686
0.931,30.412,40.157,25.02,200,143,152,com,100.555
1.682,34.436,44.199,23.87,200,143,152,com,108.694
45.625,106.052,70.612,65.36,200,120361,152,org,399.592
5.823,64.449,66.728,59.08,200,120361,153,org,363.252
10.379,68.85,66.077,56.15,200,120361,154,org,367.722
9.895,67.64,69.382,56.98,200,120361,154,org,382.813
5.13,68.458,75.099,59.41,200,120361,156,org,385.256
27.468,81.383,68.612,57.33,200,120361,156,org,386.624
16.336,72.565,88.399,57.93,200,120361,157,org,380.308
8.766,66.814,64.852,54.79,200,120361,157,org,369.261
10.8,69.289,81.74,55.37,200,120361,158,org,403.971
36.333,67.985,73.334,31.1,200,201253,158,com,316.154
9.93,40.994,61.268,28,200,201253,159,com,317.828
6.121,46.696,72.54,29.32,200,201253,159,com,318.851
2.015,28.71,71.454,27.64,200,201253,200,com,241.867
4.114,32.114,85.037,27.56,200,201253,200,com,294.31
1.814,179.454,163.889,77.3,200,201253,201,com,795.266
6.417,143.692,150.037,64.4,200,201253,204,com,1417.657
9.396,127.656,134.128,82.14,200,201253,205,com,751.616
14.754,61.503,210.711,27.24,200,201253,206,com,1037.671
44.822,302.359,273.95,239.66,200,164650,209,org,1778.946
2.503,268.105,268.178,240.12,200,164650,212,org,1709.015
14.265,279.635,262.865,240.89,200,164650,214,org,1746.19
15.544,272.957,266.715,241.8,200,164650,217,org,1747.07
4.371,269.828,268.512,243.4,200,164650,220,org,1734.286
7.557,280.779,271.246,238.63,200,164650,222,org,1763.738
3.628,265.74,265.117,239.05,200,164650,225,org,1732.784
6.48,269.32,276.635,239.09,200,164650,228,org,1766.314
14.167,274.401,271.231,246.04,200,164650,231,org,1722.28
9.529,248.877,252.371,240.41,200,164650,233,org,1587.002
33.88,59.76,44.589,28.43,200,254738,234,com,287.201
2.201,24.154,46.029,23.5,200,254738,234,com,197.663
7.979,36.006,37.991,25.43,200,254738,234,com,310.716
11.89,35.895,32.296,29.25,200,254738,235,com,199.83
14.397,53.192,45.155,26.35,200,254738,235,com,239.527
9.186,39.275,42.929,24.07,200,254738,235,com,295.145
3.184,29.651,40.516,24.19,200,254738,236,com,223.955
5.676,42.995,44.853,26.33,200,254738,236,com,256.259
2.086,25.185,33.683,24.53,200,254738,236,com,231.075
10.586,41.246,34.292,37.72,200,254738,237,com,245.432
46.81,73.734,43.128,26.62,200,51133,238,net,945.482
7.055,33.141,56.653,31.78,200,51133,238,net,394.568
15.667,63.608,50.521,27.37,200,51133,239,net,423.967
12.055,39.813,54.417,30.83,200,51133,239,net,405.69
8.288,54.326,50.356,27.57,200,51133,240,net,423.711
3.442,49.417,45.572,27.92,200,51133,240,net,405.101
15.144,51.307,44.701,27.63,200,51133,241,net,408.719
10.211,36.673,39.565,27.02,200,51133,241,net,377.89
6.936,31.239,42.589,25.93,200,51133,242,net,377.259
6.296,42.528,41.017,34.95,200,51133,243,net,412.779
60.302,118.754,66.262,64.8,200,48673,243,org,317.836
6.183,63.281,63.458,60.47,200,48673,244,org,248.973
8.686,73.652,84.998,61.04,200,48673,244,org,293.056
12.869,69.606,71.801,58.18,200,48673,245,org,270.642
6.457,65.096,66.574,56.52,200,48673,245,org,258.332
10.993,65.111,64.634,57.09,200,48673,246,org,260.617
14.596,72.313,69.018,58.61,200,48673,247,org,260.363
15.5,68.177,63.527,58.94,200,48673,247,org,241.222
3.47,62.551,63.3,56.73,200,48673,248,org,248.261
40.785,115.449,84.965,75.36,200,573580,249,com,692.099
12.996,94.975,82.382,74.46,200,573579,250,com,692.526
7.09,77.767,79.69,72.08,200,573579,251,com,682.676
4.016,80.501,82.705,71.39,200,573580,252,com,672.919
8.628,79.462,79.58,77.43,200,573579,253,com,709.277
14.702,94.757,88.295,72.9,200,573579,254,com,701.502
14.638,89.53,91.93,71.94,200,573580,255,com,719.114
12.6,93.351,91.569,70.96,200,573580,256,com,729.241
10.595,91.06,83.45,71.65,200,573579,257,com,755.633
7.646,86.5,87.334,76.31,200,573580,258,com,691.925
35.432,91.26,68.535,56.12,200,543505,259,net,862.818
1.249,57.975,62.943,57.63,200,543506,300,net,810.125
6.261,158.721,124.45,96.45,200,543505,304,net,1475.1
10.621,178.612,170.566,130.67,200,543505,306,net,1627.061
19.73,75.233,69.725,55.88,200,543506,307,net,1059.717
4.703,73.99,62.307,63.24,200,543505,309,net,1090.453
40.777,105.038,65.974,56.64,200,543505,310,net,962.115
5.669,62.02,64.642,57.81,200,543505,311,net,939.236
1.616,60.526,62.764,60.34,200,543505,312,net,1093.045
35.133,63.447,60.594,34.67,200,32697,70040,com,402.016
2.746,33.056,33.308,32.5,200,32698,70040,com,314.548
13.427,37.979,30.535,32.22,200,32698,70042,com,344.309
6.574,33.276,30.97,32.64,200,32698,70042,com,317.676
11.579,57.826,33.57,32.45,200,32697,70042,com,333.341
2.01,36.223,42.642,33.43,200,32697,70043,com,330.56
114.207,138.869,46.257,29.95,200,185005,70045,com,1126.161
11.932,36.419,31.854,29.75,200,184442,70046,com,935.842
9.981,39.758,35.647,31.71,200,185030,70047,com,846.519
13.802,40.593,40.102,29.12,200,185298,70048,com,844.433
14.417,47.637,49.876,29.34,200,185434,70049,com,998.016
3.997,33.13,42.13,30.83,200,186199,70051,com,1219.748
13.705,46.158,64.02,30.4,200,187838,70052,com,1002.339
14.076,46.892,34.772,29.05,200,186395,70053,com,1090.547
5.884,29.555,40.769,29.48,200,185819,70054,com,912.335
2.129,31.901,38.09,29.93,200,186297,70055,com,839.445
33.022,65.628,71.352,27.76,200,85179,70055,com,283.112
8.076,41.672,46.981,28.24,200,85023,70056,com,227.707
8.371,35.275,54.659,26.55,200,84849,70056,com,304.348
1.681,30.791,55.217,27.08,200,85023,70056,com,243.64
7.212,31.788,57.222,26.96,200,85128,70057,com,218.285
4.374,31.73,53.513,26.72,200,85029,70057,com,233.609
4.025,32.658,54.709,28.98,200,84882,70057,com,219.663
5.303,47.453,95.481,42.92,200,84994,70058,com,295.335
3.071,41.41,72.181,27.61,200,84954,70059,com,253.227
41.829,71.996,57.81,37.38,200,68806,70059,com,363.405
8.515,31.922,31.012,28.26,200,68573,70100,com,243.849
9.069,37.526,37.364,27.44,200,68662,70100,com,326.968
9.015,40.765,38.499,27.64,200,68711,70100,com,260.271
8.363,33.751,41.956,28.17,200,68538,70101,com,255.572
12.747,43.709,39.917,28.05,200,68880,70101,com,266.495
10.712,48.158,45.769,30.31,200,68890,70102,com,390.607
26.141,69.372,71.079,27.71,200,68601,70102,com,578.675
5.068,38.01,39.252,32.46,200,68691,70103,com,296.189
12.197,57.345,53.63,28.37,200,68663,70103,com,298.436
15.818,47.985,69.408,28.82,200,877233,70104,com,394.066
18.131,46.513,53.069,31.01,200,873936,70104,com,429.261
4.118,33.07,55.95,27.92,200,878093,70105,com,378.379
8.832,38.484,68.884,31.08,200,877632,70105,com,431.43
9.879,37.524,54.183,30.04,200,880897,70106,com,406.124
11.135,42.358,64.816,29.26,200,872237,70106,com,393.393
11.449,38.334,55.652,28.42,200,882723,70107,com,383.555
4.591,31.22,56.141,28.63,200,881402,70107,com,387.402
11.957,37.734,56.338,27.57,200,878214,70108,com,405.784
15.305,39.185,58.631,27.96,200,881034,70108,com,386.178
42.812,70.484,229.94,28.33,200,277720,70109,com,770.316
10.915,38.172,40.001,27.12,200,277568,70110,com,644.439
1.069,30.212,37.556,27.97,200,277746,70111,com,577.093
12.537,44.454,36.216,29.87,200,277596,70111,com,554.603
9.435,35.074,32.936,29.72,200,277579,70112,com,474.664
37.124,66.616,43.026,28.71,200,277570,70113,com,950.388
8.065,35.425,35.688,27.43,200,277594,70114,com,510.943
4.708,29.619,38.313,26.31,200,277577,70114,com,662.091
5.793,32.472,32.911,27.19,200,277571,70115,com,485.755
13.961,43.439,37.043,26.49,200,277744,70116,com,528.091
45.159,74.911,55.553,25.28,200,143,70116,com,159.926
15.213,39.122,39.317,22.93,200,143,70116,com,103.655
2.902,29.916,38.142,23.72,200,143,70116,com,97.906
10.159,41.913,45.008,23.53,200,143,70117,com,119.39
11.166,37.677,38.186,22.78,200,143,70117,com,105.047
12.034,37.702,35.054,24.28,200,143,70117,com,108.919
4.698,37.443,42.424,23.38,200,143,70117,com,108.895
18.089,46.077,44.026,31.87,200,143,70117,com,121.963
14.797,43.596,46.301,23.42,200,143,70118,com,123.75
14.403,44.392,50.064,23.15,200,143,70118,com,128.709
40.127,97.683,71.056,57.67,200,120361,70119,org,389.779
3.231,62.645,69.478,57.39,200,120361,70119,org,377.284
15.32,72.522,71.905,55.69,200,120361,70120,org,397.163
7.492,86.154,67.51,56.8,200,120361,70120,org,399.383
14.513,92.274,67.658,57.25,200,120361,70121,org,400.831
15.605,77.503,74.655,57.14,200,120361,70122,org,374.78
14.596,75.552,72.723,70.84,200,120361,70122,org,464.493
12.059,70.793,71.56,56.45,200,120361,70123,org,379.022
8.686,64.952,63.279,56.54,200,120361,70124,org,371.414
15.133,74.104,71.428,56.02,200,120361,70124,org,406.51
37.649,69.868,77.579,27.01,200,201253,70125,com,301.319
13.005,42.232,64.421,32.22,200,201253,70125,com,262.084
7.975,34.279,88.935,26.91,200,201253,70125,com,301.963
1.075,29.27,83.713,27.7,200,201253,70126,com,275.312
1.64,84.058,86.512,29.51,200,201253,70126,com,333.851
13.708,45.827,75.548,28.41,200,201253,70127,com,280.726
3.938,33.04,81.294,29.66,200,201253,70127,com,301.948
14.34,60.436,61.873,29.47,200,201253,70128,com,287.694
8.698,39.082,76.221,27.51,200,201253,70128,com,292.226
6.092,36.638,83.481,29.82,200,201253,70128,com,288.56
46.694,288.411,256.04,243.24,200,164650,70131,org,1663.504
5.7,253.286,256.344,242.72,200,164650,70134,org,1739.752
2.889,248.237,256.041,243.9,200,164650,70139,org,1692.652
8.399,252.583,249.001,243.49,200,164650,70142,org,1616.264
15.593,256.236,249.882,242.77,200,164650,70144,org,1619.8
9.401,248.74,250.251,243.2,200,164650,70147,org,1584.424
11.791,260.61,254.916,242.73,200,164650,70149,org,1651.771
11.75,270.384,266.488,245.27,200,164650,70152,org,1630.723
43.439,71.491,84.034,26.94,200,254738,70155,com,336.262
10.928,40.779,39.221,26.36,200,254738,70155,com,238.589
12.499,40.74,37.363,25.92,200,254738,70156,com,241.083
6.041,34.003,35.691,30.57,200,254738,70156,com,237.001
24.363,51.124,37.464,25.81,200,254738,70156,com,262.262
13.735,41.314,38.719,26.41,200,254738,70157,com,230.296
14.699,43.274,44.053,27.3,200,254738,70157,com,383.796
3.131,29.96,55.615,29.73,200,254738,70158,com,252.601
1.881,27.688,33.886,26.11,200,254738,70158,com,248.095
3.818,29.625,38.955,28.29,200,254738,70158,com,224.086
51.438,79.771,64.162,27.82,200,51133,70159,net,437.204
1.851,27.327,37.361,25.99,200,51133,70159,net,364.521
1.782,36.623,46.902,27.37,200,51133,70200,net,374.858
1.582,27.965,39.604,27.13,200,51133,70200,net,373.951
1.569,27.936,43.358,26.44,200,51133,70201,net,373.199
10.81,37.565,40.1,26.77,200,51133,70201,net,374.584
13.43,60.283,35.845,26.09,200,51133,70202,net,389.667
16.858,73.46,41.376,27.83,200,51133,70202,net,410.261
10.172,36.961,34.35,27.22,200,51133,70203,net,363.481
3.453,30.847,34.312,27.21,200,51133,70203,net,347.105
35.479,93.675,91.252,57.45,200,48673,70204,org,310.959
11.06,66.19,65.639,59.32,200,48673,70204,org,248.652
11.841,69.883,66.212,61.61,200,48673,70205,org,263.982
13.48,84.492,67.02,57.86,200,48673,70205,org,280.245
15.762,92.716,67.168,62.22,200,48673,70206,org,312.862
14.927,72.515,64.676,57.92,200,48673,70206,org,273.646
13.027,69.266,64.007,57.1,200,48673,70207,org,248.006
1.8,60.77,64.051,58,200,48673,70207,org,248.487
3.553,62.671,64.507,58.11,200,48673,70208,org,254.816
12.45,70.658,66.709,57.04,200,48673,70208,org,255.418
44.749,120.828,132.591,72.83,200,573311,70209,com,730.926
8.548,93.661,82.303,74.47,200,573311,70210,com,656.904
5.417,99.034,88.01,72.98,200,573310,70211,com,658.997
6.174,78.202,79.24,71.84,200,573311,70212,com,624.829
9.911,83.403,81.36,71.75,200,573311,70213,com,642.096
13.638,89.223,85.338,72.3,200,573311,70214,com,632.799
14.879,89.823,83.535,72.39,200,573313,70215,com,654.017
4.348,79.965,83.561,71.93,200,573314,70216,com,650.911
5.462,99.837,82.431,75.61,200,573313,70217,com,685.506
17.717,96.217,82.229,72.47,200,573314,70218,com,667.807
47.851,105.759,79.898,57.14,200,543505,70219,net,1314.631
18.53,95.146,66.333,59.16,200,377342,70220,net,767.748
11.885,71.247,74.626,57.02,200,543505,70221,net,824.478
5.535,63.601,73.754,57.9,200,543506,70223,net,862.838
15.681,70.787,65.442,58.97,200,543506,70224,net,801.06
44.62,102.15,71.014,58.05,200,543506,70225,net,828.637
7.636,62.931,63.034,57.2,200,543506,70226,net,815.949
7.017,70.306,65.414,58.38,200,543505,70228,net,1628.866
13.042,68.227,63.969,57.53,200,543258,70229,net,802.671
10.993,68.785,65.15,56.71,200,543505,70230,net,1101.011
